{"_wandb":{"runtime":0},"_runtime":0,"_step":0,"total_tokens":1596,"total_cost_usd":0.009576000000000001,"status":1,"model":"mistral-large-latest","_timestamp":1.7723821224032521e+09}